{"cameraMode":{"drawMode":0,"name":"Shaded","section":"Shading Mode"},"sceneLighting":false,"audioPlay":false,"sceneViewState":{"m_AlwaysRefresh":false,"showFog":true,"showSkybox":false,"showFlares":true,"showImageEffects":true,"showParticleSystems":true,"showVisualEffectGraphs":true,"m_FxEnabled":true},"in2DMode":false,"pivot":{"x":-6.2181220054626469,"y":1.8234208822250367,"z":-0.5472893714904785},"rotation":{"x":0.022401846945285798,"y":0.9775574803352356,"z":-0.14355619251728059,"w":0.15254728496074677},"size":3.3912930488586427,"orthographic":false}